epoch,generator_loss,discriminator_loss
1,0.001431610668078065,0.009144779294729233
2,0.001392208389006555,9.8721357062459e-06
3,0.0013556325575336814,8.855597116053104e-06
4,0.0013216235674917698,7.426016964018345e-06
5,0.0012880737194791436,7.98259861767292e-06
6,0.001256938325241208,7.3661794885993e-06
7,0.0012285667471587658,8.595408871769905e-06
8,0.001199765712954104,6.901449523866177e-06
9,0.0011732627172023058,7.061637006700039e-06
10,0.001147820963524282,5.868962034583092e-06
11,0.0011232972610741854,5.237641744315624e-06
12,0.0010999235091730952,5.708308890461922e-06
13,0.001077981200069189,3.162538632750511e-06
14,0.001056167995557189,4.181172698736191e-06
15,0.0010360629530623555,2.6266789063811302e-06
16,0.0010154986521229148,2.942862920463085e-06
17,0.0009972720872610807,3.2633543014526367e-06
18,0.0009794854559004307,3.144843503832817e-06
19,0.0009620350319892168,2.2015301510691643e-06
20,0.0009456175612285733,1.374341081827879e-06
21,0.0009293057955801487,8.788774721324444e-07
22,0.0009147609816864133,1.7093261703848839e-06
23,0.0008994294330477715,7.642665877938271e-07
24,0.000885092536918819,4.523899406194687e-07
25,0.0008714469149708748,-4.6996865421533585e-07
26,0.0008585459436289966,7.060589268803596e-07
27,0.0008452943293377757,-8.739880286157131e-07
28,0.0008332565193995833,-7.189810276031494e-07
29,0.0008217981667257845,-1.9012950360774994e-06
30,0.0008101204875856638,-2.196873538196087e-06
31,0.0007995361811481416,-4.128669388592243e-07
32,0.0007889725966379046,-2.1984451450407505e-06
33,0.0007790702511556447,-2.389424480497837e-06
34,0.0007695863605476916,-3.69601184502244e-06
35,0.0007604915299452841,-2.535642124712467e-06
36,0.0007512581069022417,-4.444445949047804e-06
37,0.0007421419722959399,-4.05928585678339e-06
38,0.0007339587318710983,-3.7206336855888367e-06
39,0.0007267402252182364,-3.4123077057302e-06
40,0.000718261522706598,-4.411616828292608e-06
41,0.0007111876620911062,-6.815651431679726e-06
42,0.0007042729994282126,-5.5524869821965694e-06
43,0.0006967769004404545,-6.461050361394882e-06
44,0.0006901508895680308,-7.348426152020693e-06
45,0.0006835171952843666,-6.245507393032312e-06
46,0.0006773285567760468,-6.7177461460232735e-06
47,0.0006713844486512244,-6.840855348855257e-06
48,0.000665444356855005,-7.174210622906685e-06
49,0.0006596269086003304,-7.247086614370346e-06
50,0.0006552013219334185,-7.947790436446667e-06
51,0.0006490391679108143,-8.990464266389608e-06
52,0.0006440267898142338,-8.947972673922777e-06
53,0.0006392334471456707,-6.667396519333124e-06
54,0.0006348702008835971,-1.0775867849588394e-05
55,0.0006311125471256673,-9.589013643562794e-06
56,0.0006265068659558892,-9.330804459750652e-06
57,0.0006218721391633153,-9.614333976060152e-06
58,0.0006177695468068123,-9.23709012567997e-06
59,0.0006142642232589424,-9.622948709875345e-06
60,0.0006100941682234406,-1.2008182238787413e-05
61,0.0006063637556508183,-1.1038617230951786e-05
62,0.0006029744981788099,-1.3454118743538857e-05
63,0.000599244493059814,-1.3155164197087288e-05
64,0.0005961678107269108,-1.3562326785176992e-05
65,0.0005933658103458583,-8.561706636101007e-06
66,0.00059020787011832,-1.3367156498134136e-05
67,0.0005868773441761732,-1.4406105037778616e-05
68,0.0005838124779984355,-1.4543416909873486e-05
69,0.000580735388211906,-1.2687465641647577e-05
70,0.0005778594641014934,-1.3482756912708282e-05
71,0.00057521479902789,-1.6734469681978226e-05
72,0.0005727263633161783,-1.4656921848654747e-05
73,0.0005710716359317303,-1.4078919775784016e-05
74,0.0005682882620021701,-1.5643076039850712e-05
75,0.0005657514557242393,-1.5372235793620348e-05
76,0.0005635750130750239,-1.5493191312998533e-05
77,0.0005611896049231291,-1.727172639220953e-05
78,0.0005588885396718979,-1.617701491340995e-05
79,0.0005568530177697539,-1.7415499314665794e-05
80,0.0005548786139115691,-1.782720210030675e-05
81,0.000553453341126442,-1.7314334399998188e-05
82,0.000550613272935152,-1.3358774594962597e-05
83,0.0005495849181897938,-1.7984304577112198e-05
84,0.000547834497410804,-1.535378396511078e-05
85,0.0005457325023598969,-1.6527774278074503e-05
86,0.0005439516389742494,-1.8582737538963556e-05
87,0.0005426467396318913,-1.600949326530099e-05
88,0.0005412190221250057,-2.4025212042033672e-05
89,0.000539242522791028,-2.1262618247419596e-05
90,0.0005382866365835071,-1.9396538846194744e-05
91,0.0005366879049688578,-2.0465173292905092e-05
92,0.0005346975522115827,-2.311344724148512e-05
93,0.000532940961420536,-1.983542460948229e-05
94,0.0005319012561812997,-2.26595439016819e-05
95,0.0005303080542944372,-2.1696381736546755e-05
96,0.0005295526352711022,-1.751916715875268e-05
97,0.000528329168446362,-2.2436841391026974e-05
98,0.0005270189139991999,-2.3935397621244192e-05
99,0.0005259381141513586,-1.9474129658192396e-05
100,0.000524532631970942,-2.542103175073862e-05
101,0.0005230117822065949,-2.4261593353003263e-05
102,0.0005224476335570216,-2.1911924704909325e-05
103,0.0005211356328800321,-2.6946712750941515e-05
104,0.0005200041923671961,-2.171192318201065e-05
105,0.0005190250813029706,-2.0764418877661228e-05
106,0.0005182483000680804,-2.457428490743041e-05
107,0.0005170227959752083,-2.2546853870153427e-05
108,0.0005167213384993374,-2.147926716133952e-05
109,0.0005149859935045242,-2.1296145860105753e-05
110,0.0005137480329722166,-2.570438664406538e-05
111,0.0005133888917043805,-2.693090937100351e-05
112,0.0005122190341353416,-2.9623100999742746e-05
113,0.0005115192616358399,-2.1652434952557087e-05
114,0.0005103066796436906,-2.7254718588665128e-05
115,0.0005091226194053888,-2.9922841349616647e-05
116,0.0005087543977424502,-2.821363159455359e-05
117,0.0005072936182841659,-2.798819332383573e-05
118,0.0005069366889074445,-3.327993908897042e-05
119,0.0005063731805421412,-2.6836787583306432e-05
120,0.0005056055961176753,-3.0615279683843255e-05
121,0.0005042486591264606,-2.7136702556163073e-05
122,0.0005026966682635248,-2.6258378056809306e-05
123,0.0005026870057918131,-2.932429197244346e-05
124,0.0005019724485464394,-2.633425174281001e-05
125,0.0005009676096960902,-2.817835775204003e-05
126,0.0005005779676139355,-3.030052175745368e-05
127,0.000499972200486809,-3.1118455808609724e-05
128,0.0004994975170120597,-2.6142835849896073e-05
129,0.0004985789419151843,-3.094979911111295e-05
130,0.0004977965145371854,-3.091915277764201e-05
131,0.0004966139094904065,-3.4510158002376556e-05
132,0.00049594696611166,-3.385834861546755e-05
133,0.0004957615165039897,-3.284093691036105e-05
134,0.0004947985289618373,-3.287856816314161e-05
135,0.0004943611565977335,-2.9028276912868023e-05
136,0.0004936613840982318,-3.313284832984209e-05
137,0.0004931640578433871,-3.426676266826689e-05
138,0.0004921868094243109,-2.691691042855382e-05
139,0.0004917401820421219,-3.8443191442638636e-05
140,0.0004913304001092911,-3.166310489177704e-05
141,0.0004903995431959629,-3.492322866804898e-05
142,0.000489703961648047,-3.2158102840185165e-05
143,0.000488962628878653,-3.870006185024977e-05
144,0.0004880984197370708,-3.3353513572365046e-05
145,0.0004879669286310673,-2.8905022190883756e-05
146,0.00048696171143092215,-3.333701170049608e-05
147,0.0004863392096012831,-3.734137862920761e-05
148,0.00048600745503790677,-3.299253876321018e-05
149,0.0004850501718465239,-3.299195668660104e-05
150,0.00048431215691380203,-4.6768574975430965e-05
151,0.0004842288908548653,-3.745657159015536e-05
152,0.0004835271101910621,-4.187997546978295e-05
153,0.0004825014912057668,-3.664029645733535e-05
154,0.0004817448207177222,-4.070307477377355e-05
155,0.00048082045395858586,-4.3780775740742683e-05
156,0.0004805620410479605,-3.625859972089529e-05
157,0.0004803728370461613,-3.276771167293191e-05
158,0.00047958840150386095,-4.138276563026011e-05
159,0.0004796544963028282,-4.34115354437381e-05
160,0.0004784736374858767,-3.612475120462477e-05
161,0.00047793780686333776,-3.8628990296274424e-05
162,0.0004774702829308808,-3.4220312954857945e-05
163,0.00047795509453862906,-4.135683411732316e-05
164,0.00047748518409207463,-4.5740860514342785e-05
165,0.0004769227234646678,-4.6305241994559765e-05
166,0.00047548356815241277,-3.831807407550514e-05
167,0.0004761736490763724,-4.438054747879505e-05
168,0.00047524762339890003,-4.8726709792390466e-05
169,0.00047472084406763315,-4.293138044886291e-05
170,0.0004738644929602742,-4.570052260532975e-05
171,0.0004737983108498156,-4.446876118890941e-05
172,0.00047282277955673635,-4.9537658924236894e-05
173,0.00047205574810504913,-4.2516621761024e-05
174,0.00047238741535693407,-4.5022869016975164e-05
175,0.00047201375127770007,-4.156032809987664e-05
176,0.00047120178351178765,-3.742071567103267e-05
177,0.00047031775466166437,-5.4203992476686835e-05
178,0.00047005730448290706,-4.5176740968599916e-05
179,0.000469575054012239,-4.7854206059128046e-05
180,0.0004684400337282568,-5.1088398322463036e-05
181,0.00046876625856384635,-4.395970609039068e-05
182,0.00046874862164258957,-4.920444916933775e-05
183,0.00046719994861632586,-5.344292731024325e-05
184,0.0004666810273192823,-4.7696492401883006e-05
185,0.000466678204247728,-5.490792682394385e-05
186,0.00046656435006298125,-4.8230140237137675e-05
187,0.0004665610322263092,-5.193555261939764e-05
188,0.00046568093239329755,-5.6187534937635064e-05
189,0.0004657715035136789,-3.6519544664770365e-05
190,0.00046488697989843786,-4.859655746258795e-05
191,0.00046571760321967304,-4.6617642510682344e-05
192,0.0004653958894778043,-6.037097773514688e-05
193,0.00046654342440888286,-5.919684190303087e-05
194,0.00046665064292028546,-4.568323493003845e-05
195,0.000467149744508788,-3.98459960706532e-05
196,0.0004673108924180269,-4.846899537369609e-05
197,0.00046664508408866823,-6.205946556292474e-05
198,0.0004673489311244339,-5.7687575463205576e-05
199,0.00046781834680587053,-5.8982346672564745e-05
200,0.000467918609501794,-4.6418659621849656e-05
201,0.00046824823948554695,-6.078113801777363e-05
202,0.0004685871535912156,-5.7108409237116575e-05
203,0.0004684625309891999,-5.714411963708699e-05
204,0.0004689101770054549,-5.182740278542042e-05
205,0.0004697068070527166,-5.738050094805658e-05
206,0.00046942703193053603,-5.5536191212013364e-05
207,0.00047084438847377896,-6.171234417706728e-05
208,0.0004705619066953659,-3.386789467185736e-05
209,0.00047035390161909163,-5.415111081674695e-05
210,0.0004707405751105398,-5.929925828240812e-05
211,0.000470886065158993,-5.9798185247927904e-05
212,0.0004712216032203287,-4.8813672037795186e-05
213,0.00047191628254950047,-6.735604256391525e-05
214,0.0004724394530057907,-5.9013342252001166e-05
215,0.0004722985322587192,-6.006116745993495e-05
216,0.0004727189661934972,-4.921379149891436e-05
217,0.000473604304715991,-6.647236295975745e-05
218,0.00047403128701262176,-5.4622767493128777e-05
219,0.0004733073292300105,-7.039593765512109e-05
220,0.00047377243754453957,-7.238230318762362e-05
221,0.0004749489016830921,-6.561382906511426e-05
222,0.0004752696258947253,-6.944974302314222e-05
223,0.00047572090988978744,-5.288905231282115e-05
224,0.0004759265575557947,-6.601650966331363e-05
225,0.0004765397752635181,-5.656512803398073e-05
226,0.0004778507282026112,-6.480596493929625e-05
227,0.0004775296547450125,-6.728011067025363e-05
228,0.0004768640792462975,-7.701045251451433e-05
229,0.0004779919981956482,-6.548812962137163e-05
230,0.0004793090047314763,-4.7257926780730486e-05
231,0.0004789812082890421,-5.615898407995701e-05
232,0.00048015089123509824,-5.690281977877021e-05
233,0.0004788678197655827,-7.529297727160156e-05
234,0.0004806176293641329,-7.619187817908823e-05
235,0.0004815855936612934,-7.456561434082687e-05
236,0.0004817135340999812,-6.711555761285126e-05
237,0.0004821809125132859,-6.626476533710957e-05
238,0.000483962707221508,-6.755278445780277e-05
239,0.00048356683691963553,-7.674063090234995e-05
240,0.00048469516332261264,-6.904741167090833e-05
241,0.00048475086805410683,-7.314217509701848e-05
242,0.00048545675235800445,-6.535221473313868e-05
243,0.0004843847709707916,-7.194207864813507e-05
244,0.0004865752998739481,-5.6893128203228116e-05
245,0.00048815819900482893,-5.895877256989479e-05
246,0.0004868717514909804,-7.292962982319295e-05
247,0.0004858573665842414,-8.30768549349159e-05
248,0.00048807571874931455,-6.842424045316875e-05
249,0.0004887362010776997,-7.41331314202398e-05
250,0.00048761224024929106,-7.351153180934489e-05
251,0.0004881939385086298,-8.533653453923762e-05
252,0.0004886321839876473,-6.935623241588473e-05
253,0.0004891076823696494,-6.301922257989645e-05
254,0.0004900742787867785,-8.398760110139847e-05
255,0.0004910167772322893,-6.866274634376168e-05
256,0.000491467013489455,-8.720610640011728e-05
257,0.0004914239980280399,-6.904394831508398e-05
258,0.0004915077006444335,-7.316502160392702e-05
259,0.0004919624770991504,-6.665871478617191e-05
260,0.0004927946138195693,-6.992198177613318e-05
261,0.0004921091021969914,-8.017371874302626e-05
262,0.0004930756986141205,-8.805815014056861e-05
263,0.0004933337913826108,-7.652517524547875e-05
264,0.0004945142427459359,-8.718896424397826e-05
265,0.0004941308288834989,-8.280199836008251e-05
266,0.0004967633285559714,-7.903706864453852e-05
267,0.0004950807779096067,-7.244053995236754e-05
268,0.0004956143675372005,-7.808647933416069e-05
269,0.0004963506944477558,-8.237408474087715e-05
270,0.000496532884426415,-8.176796836778522e-05
271,0.0004979322548024356,-7.151602767407894e-05
272,0.0004970909794792533,-8.246698416769505e-05
273,0.0004984640399925411,-8.812735904939473e-05
274,0.0004976055934093893,-7.700902642682195e-05
275,0.000496833526995033,-8.881441317498684e-05
276,0.0004969119909219444,-9.244389366358519e-05
277,0.0004978214856237173,-8.077808888629079e-05
278,0.0004959569778293371,-9.817679529078305e-05
279,0.0004947345587424934,-8.390576113015413e-05
280,0.0004962042439728975,-8.079037070274353e-05
281,0.0004974681651219726,-9.552435949444771e-05
282,0.0004956943448632956,-9.589100955054164e-05
283,0.0004944471293129027,-9.540171595290303e-05
284,0.0004947907291352749,-8.180722943507135e-05
285,0.0004936120240017772,-7.439515320584178e-05
286,0.0004945977707393467,-9.856195538304746e-05
287,0.0004932349547743797,-8.185711340047419e-05
288,0.0004936399636790156,-0.00010120292427018285
289,0.0004920500796288252,-5.9862504713237286e-05
290,0.0004921676008962095,-7.91359634604305e-05
291,0.0004912532167509198,-9.287841385230422e-05
292,0.000491612940095365,-0.00010663308785296977
293,0.0004928254056721926,-7.844046922400594e-05
294,0.0004907996044494212,-8.302999776788056e-05
295,0.0004918197519145906,-0.00011135105160064995
296,0.000491261132992804,-9.26038483157754e-05
297,0.0004895610036328435,-9.324279380962253e-05
298,0.0004887922550551593,-0.00010055326856672764
299,0.0004904529778286815,-8.851589518599212e-05
300,0.0004877505707554519,-9.392056381329894e-05
301,0.0004889494739472866,-7.928788545541465e-05
302,0.0004883880028501153,-9.692044113762677e-05
303,0.00048695795703679323,-9.981650509871542e-05
304,0.00048642861656844616,-9.730883175507188e-05
305,0.00048480223631486297,-8.982865256257355e-05
306,0.0004860036715399474,-0.00010488339466974139
307,0.0004846019437536597,-8.682097541168332e-05
308,0.0004848516546189785,-8.790072752162814e-05
309,0.00048420685925520957,-8.664160850457847e-05
310,0.00048242989578284323,-0.00010670506162568927
311,0.0004816883592866361,-8.794173481874168e-05
312,0.0004831852565985173,-9.7029929747805e-05
313,0.0004810565442312509,-0.00010409814422018826
314,0.0004796837456524372,-0.00010235971421934664
315,0.0004813535779248923,-9.849591879174113e-05
316,0.00048107505426742136,-0.00011354751768521965
317,0.00047990665188990533,-0.00010385093628428876
318,0.00047821784391999245,-9.261845843866467e-05
319,0.00047907233238220215,-7.882207864895463e-05
320,0.00047976020141504705,-9.592768037691712e-05
321,0.00047810134128667414,-0.00010809896048158407
322,0.0004765191988553852,-0.00011761297355405986
323,0.00047691300278529525,-0.00010429846588522196
324,0.00047482296940870583,-0.000105998944491148
325,0.0004751166270580143,-0.0001101661182474345
326,0.00047523638932034373,-0.00010237240348942578
327,0.00047468996490351856,-8.923353743739426e-05
328,0.0004743514000438154,-6.522331386804581e-05
329,0.0004731486551463604,-0.00011139479465782642
330,0.0004738548886962235,-0.00012100450112484396
331,0.00047394950524903834,-0.0001083841489162296
332,0.00047063047531992197,-0.00010284199379384518
333,0.00047168476157821715,-0.00012038930435664952
334,0.00046892539830878377,-0.00012990651885047555
335,0.0004693383234553039,-0.00010603631380945444
336,0.00046764357830397785,-0.00010731478687375784
337,0.000468360522063449,-9.70753317233175e-05
338,0.0004666269524022937,-0.00011612559319473803
339,0.00046797579852864146,-0.00010546811972744763
340,0.0004674815572798252,-0.0001248662592843175
341,0.0004679863341152668,-0.00012393860379233956
342,0.0004651607887353748,-0.00010637773084454238
343,0.0004649650363717228,-9.083803161047399e-05
344,0.00046290390309877694,-0.00010647252202033997
345,0.00046201294753700495,-0.00011987742618657649
346,0.0004623683344107121,-0.00011930789332836866
347,0.00046142772771418095,-0.00010936299804598093
348,0.0004631055926438421,-8.907110895961523e-05
349,0.00046181626385077834,-0.00012956021237187088
350,0.00045823148684576154,-0.00011699294555000961
351,0.00045997602865099907,-0.00012400717241689563
352,0.00045892782509326935,-9.331037290394306e-05
353,0.00045995035907253623,-0.00011875343625433743
354,0.0004575306666083634,-0.00011182457092218101
355,0.0004559968947432935,-0.00012140156468376517
356,0.00045590667286887765,-0.00013013876741752028
357,0.0004554932238534093,-0.00013880495680496097
358,0.0004546929558273405,-0.00012124748900532722
359,0.0004536481574177742,-9.705667616799474e-05
360,0.00045384097029455006,-0.00010370725067332387
361,0.00045323255471885204,-0.00011352909496054053
362,0.0004535798216238618,-0.00010851374827325344
363,0.0004523244278971106,-0.00015314435586333275
364,0.00044885469833388925,-0.0001200695987790823
365,0.00044895842438563704,-9.023866732604802e-05
366,0.000447555590653792,-0.00015457923291251063
367,0.00044682921725325286,-0.00010940866195596755
368,0.00044679114944301546,-0.00012181437341496348
369,0.000445560464868322,-0.00013369316002354026
370,0.0004451839195098728,-0.00012072059325873852
371,0.0004448872641660273,-0.00013542678789235651
372,0.0004428391985129565,-0.0001525258121546358
373,0.000441143405623734,-9.727699216455221e-05
374,0.00044199134572409093,-0.00013025858788751066
375,0.0004412576963659376,-0.00012970610987395048
376,0.0004414313589222729,-0.00015599344624206424
377,0.00043704433483071625,-0.00012733126641251147
378,0.000438352522905916,-7.82155548222363e-05
379,0.00043431640369817615,-0.000134135945700109
380,0.00043403415475040674,-0.00012111820979043841
381,0.0004342894535511732,-8.305511437356472e-05
382,0.0004333067627158016,-9.318429511040449e-05
383,0.0004336411948315799,-0.00012651458382606506
384,0.0004324647015891969,-0.00014126175665296614
385,0.00043117895256727934,-0.0001296664704568684
386,0.00042898388346657157,-0.00013745742035098374
387,0.00042974483221769333,-0.00013319659046828747
388,0.00042776859481818974,-0.00014359105261974037
389,0.00042676113662309945,-0.00014552843640558422
390,0.0004244293668307364,-0.0001478750491514802
391,0.00042564477189444005,-0.0001353484985884279
392,0.000425635400461033,-0.0001421633642166853
393,0.00042165990453213453,-0.0001143149274867028
394,0.0004205853911116719,-0.0001328973739873618
395,0.00042091202340088785,-0.00011569508933462203
396,0.0004193680069874972,-0.00015365693252533674
397,0.00041887606494128704,-0.00010655159712769091
398,0.00041833604336716235,-0.0001304152247030288
399,0.00041640069684945047,-0.0001638558751437813
400,0.00041442312067374587,-0.00012085866183042526
401,0.0004131393798161298,-0.00015925674233585596
402,0.0004091191804036498,-0.00012662154040299356
403,0.00040901711327023804,-0.00012410877388902009
404,0.000410345004638657,-0.0001534131879452616
405,0.00040465485653840005,-0.00013101485092192888
406,0.00040279258973896503,-0.00012321301619522274
407,0.00040099883335642517,-0.00011818893835879862
408,0.000398757285438478,-0.00017113363719545305
409,0.00039656233275309205,-0.00016725542081985623
410,0.0003932525578420609,-0.00014427900896407664
411,0.0003953005943913013,-0.00013818577281199396
412,0.00039111936348490417,-0.0001631195773370564
413,0.0003902560565620661,-0.00010538537753745914
414,0.00038650407805107534,-0.0001269771601073444
415,0.000384028215194121,-0.00014831236330792308
416,0.00038448485429398715,-0.00013090242282487452
417,0.0003798566176556051,-0.00012989656534045935
418,0.00037942087510600686,-0.0001488660491304472
419,0.00038170479820109904,-9.383729775436223e-05
420,0.0003762829874176532,-0.00017203734023496509
421,0.00037425654591061175,-0.00012872042134404182
422,0.00037447919021360576,-0.00014559166447725147
423,0.00037286864244379103,-0.00011997221736237407
424,0.0003674557665362954,-0.00016267715545836836
425,0.00036564446054399014,-0.00013057015894446522
426,0.0003667665587272495,-0.00013071426656097174
427,0.00036168386577628553,-0.00012861881987191737
428,0.00035891993320547044,-0.00017042744730133563
429,0.0003594512236304581,-0.00012058543507009745
430,0.00035838939948007464,-0.00013800140004605055
431,0.0003566865052562207,-0.00015678509953431785
432,0.00035419221967458725,-0.00016433042765129358
433,0.00034960219636559486,-0.00016541477816645056
434,0.00035096658393740654,-0.00015957411960698664
435,0.0003460170701146126,-0.00018650639685802162
436,0.00034488647361285985,-0.00016148322902154177
437,0.00034156162291765213,-0.00014481556718237698
438,0.000336406723363325,-0.00017940565885510296
439,0.00033621935290284455,-0.00011788115079980344
440,0.00033494512899778783,-0.00011994865781161934
441,0.0003325121069792658,-0.00014644971815869212
442,0.00033256856841035187,-0.00017422052042093128
443,0.0003293837944511324,-0.00015993243141565472
444,0.00032603536965325475,-0.00016524245438631624
445,0.0003212804440408945,-0.00016370679077226669
446,0.0003217209014110267,-0.00012838283146265894
447,0.0003175650490447879,-0.00012662564404308796
448,0.00031656751525588334,-0.0001509959256509319
449,0.00031685808789916337,-0.00015762429393362254
450,0.00031460318132303655,-0.00014531055057886988
451,0.00031080449116416276,-0.00015147514932323247
452,0.0003083365154452622,-0.0002005085116252303
453,0.0003059637383557856,-0.00013304827734827995
454,0.00030539449653588235,-0.00013151054736226797
455,0.00030316569609567523,-0.00017278565792366862
456,0.00029897576314397156,-0.00015733062173239887
457,0.00029385549714788795,-0.00014220377488527447
458,0.0002971143985632807,-0.00013623283302877098
459,0.00029259445727802813,-0.00015420372074004263
460,0.00029037753120064735,-0.00014627022028435022
461,0.00028456555446609855,-0.0002149536885553971
462,0.00028617135831154883,-0.00011933426139876246
463,0.0002820219087880105,-0.00016330361540894955
464,0.000278350489679724,-0.0001655632077017799
465,0.00027700740611180663,-0.00018624559743329883
466,0.0002758069313131273,-0.00013951426080893725
467,0.000271287455689162,-0.00015645928215235472
468,0.0002702344208955765,-0.0001665828749537468
469,0.0002661603211890906,-0.00015222482034005225
470,0.0002658482699189335,-0.00013607973232865334
471,0.00026232347590848804,-0.00015264250396285206
472,0.00026153045473620296,-0.0001721592270769179
473,0.00025798368733376265,-0.00013914202281739563
474,0.0002594699908513576,-0.0001681062567513436
475,0.0002533992810640484,-0.00017698039300739765
476,0.0002473453641869128,-0.0001340219605481252
477,0.0002492066705599427,-0.00014709465904161334
478,0.0002452893531881273,-0.00017437963106203824
479,0.00024095455592032522,-0.0001795564021449536
480,0.00024119735462591052,-0.0001333048421656713
481,0.00023687141947448254,-0.0002209741942351684
482,0.00023621135915163904,-0.00016381648310925812
483,0.0002297768514836207,-0.0001919109490700066
484,0.00022609916049987078,-0.0001543113903608173
485,0.00022276917297858745,-0.00019834503473248333
486,0.00022297969553619623,-0.0001450587878935039
487,0.0002215850108768791,-0.0001579637755639851
488,0.0002175354748032987,-0.0001427235547453165
489,0.0002179813600378111,-0.0001701661676634103
490,0.00021298610954545438,-0.00015279199578799307
491,0.00021125715284142643,-0.00014482719416264445
492,0.00020917064102832228,-0.00017942149133887142
493,0.00020566464809235185,-0.00016636334476061165
494,0.00020478750229813159,-0.0001726307236822322
495,0.00020231996313668787,-0.00016890635015442967
496,0.0002004238631343469,-0.00019372373935766518
497,0.0001976632047444582,-0.00017781027418095618
498,0.00019422805053181946,-0.0001413481804775074
499,0.00018964300397783518,-0.00015947164501994848
500,0.00018831064517144114,-0.00019440025789663196
501,0.00018497416749596596,-0.00018430565251037478
502,0.00018246754189021885,-0.00012738238729070872
503,0.00018341709801461548,-0.00018687540432438254
504,0.0001773276162566617,-0.00017127818136941642
505,0.00017312080308329314,-0.00015845410234760493
506,0.0001709155912976712,-0.00017386606486979872
507,0.00016801570018287748,-0.00016698655963409692
508,0.00016695365775376558,-0.00016694693476893008
509,0.00016346380289178342,-0.00015186305972747505
510,0.0001582270924700424,-0.00017824028327595443
511,0.00015601977065671235,-0.0002090368652716279
512,0.00015057041309773922,-0.00014379405183717608
513,0.00015095820708665997,-0.0002168338978663087
514,0.00014637995627708733,-0.00018727344286162406
515,0.00013791609671898186,-0.0001500203215982765
516,0.00014075404033064842,-0.0001760148734319955
517,0.0001364086929243058,-0.00016195197531487793
518,0.00013298160047270358,-0.00017533687059767544
519,0.0001284104655496776,-0.00017810608551371843
520,0.00012479256838560104,-0.00020079291425645351
521,0.00012335670180618763,-0.00015579845057800412
522,0.00012051011435687542,-0.00014590357022825629
523,0.00011694541171891615,-0.00012442543811630458
524,0.00011507904855534434,-0.00018642772920429707
525,0.00011191817611688748,-0.00023882716777734458
526,0.00010178818774875253,-0.00017891985771711916
527,0.00010028474207501858,-0.00016354408580809832
528,0.00010078227205667645,-0.0001439661718904972
529,9.557202429277822e-05,-0.0002090530761051923
530,9.092407708521932e-05,-0.00016637667431496084
531,9.239462815457955e-05,-0.00019148600404150784
532,8.668671944178641e-05,-0.00015854736557230353
533,8.455373608740047e-05,-0.00020482092804741114
534,7.985577394720167e-05,-0.0001301417505601421
535,7.608619489474222e-05,-0.00020003359531983733
536,7.455800368916243e-05,-0.0001876839087344706
537,7.278733392013237e-05,-0.00013612155453301966
538,6.737734656780958e-05,-0.00015786700532771647
539,6.394687807187438e-05,-0.00016604919801466167
540,5.6345059419982135e-05,-0.0002128187770722434
541,5.377504203352146e-05,-0.00023687588691245764
542,5.046322985435836e-05,-0.00022948709374759346
543,4.624348730430938e-05,-0.00015840127889532596
544,4.273240119800903e-05,-0.0001250459172297269
545,4.125124905840494e-05,-0.00020371425489429384
546,3.585684680729173e-05,-0.00016029327525757253
547,3.5010332794627175e-05,-0.00015414490189868957
548,3.278863005107269e-05,-0.00017727460362948477
549,2.7490204956848174e-05,-0.00015391132910735905
550,2.030281029874459e-05,-0.00018348864978179336
551,1.91378658200847e-05,-0.00015183551295194775
552,1.4413147255254444e-05,-0.00020342678180895746
553,1.3802566172671504e-05,-0.0001540161028970033
554,9.52723712543957e-06,-0.00013434697757475078
555,8.926244845497422e-06,-0.0002240414178231731
556,-2.5009214823512593e-06,-0.00023480018717236817
557,7.166772775235586e-07,-0.00015707069542258978
558,-4.076057393831434e-06,-0.00019380555022507906
559,-7.989532605279237e-06,-0.00019311497453600168
560,-1.237762080563698e-05,-0.00021354785712901503
561,-1.6117603081511334e-05,-0.00013993035827297717
562,-2.117177427862771e-05,-0.0002052763884421438
563,-2.6087644073413685e-05,-0.0001970150915440172
564,-3.144628499285318e-05,-0.00013109546853229403
565,-3.134402140858583e-05,-0.00019514799350872636
566,-3.6936733522452414e-05,-0.00015899229038041085
567,-4.416105002746917e-05,-0.00022571887529920787
568,-4.257851469446905e-05,-0.0001967252610484138
569,-4.800130409421399e-05,-0.00018470283248461783
570,-5.2968454838264734e-05,-0.00021680000645574182
571,-5.377153865993023e-05,-0.00016630056779831648
572,-5.995978426653892e-05,-0.00021651311544701457
573,-6.198771006893367e-05,-0.0002118153206538409
574,-6.991757254581898e-05,-0.00018096965504810214
575,-7.338228897424415e-05,-0.00018385019211564213
576,-7.943141099531204e-05,-0.0002314657613169402
577,-7.870708213886246e-05,-0.0001472767471568659
578,-8.219940355047584e-05,-0.00018580711912363768
579,-8.658818842377514e-05,-0.00017660268349573016
580,-8.394853648496792e-05,-0.00017659564036875963
581,-9.39197198022157e-05,-0.0001615747023606673
582,-9.953162225428969e-05,-0.0001917933113873005
583,-9.954180131899193e-05,-0.00015763392730150372
584,-0.00010760435543488711,-0.00019462622003629804
585,-0.00011194349644938484,-0.00022830560919828713
586,-0.00012020756548736244,-0.0002638714504428208
587,-0.00012269536091480404,-0.00016960194625426084
588,-0.00012755206262227148,-0.0002095548843499273
589,-0.0001321705203736201,-0.00019704431178979576
590,-0.0001329452352365479,-0.00016921450151130557
591,-0.00013664469588547945,-0.00020345531811472028
592,-0.0001411557459505275,-0.00015752702893223614
593,-0.00014920931425876915,-0.00015350889589171857
594,-0.00014695395657327026,-0.00022303473087958992
595,-0.0001554993214085698,-0.00020964539726264775
596,-0.0001601312542334199,-0.00016033607244025916
597,-0.0001615071523701772,-0.0002027551963692531
598,-0.00016686003073118627,-0.0002027710434049368
599,-0.00017254457634408027,-0.0001767473731888458
600,-0.00017382796795573086,-0.000177997731952928
601,-0.00017713892157189548,-0.00016648230666760355
602,-0.00018416804959997535,-0.00023701500322204083
603,-0.0001924412208609283,-0.00019749451894313097
604,-0.00019204415730200708,-0.00018248925334773958
605,-0.00019789721409324557,-0.0001413028803654015
606,-0.00020128478354308754,-0.00015584843640681356
607,-0.00020666875934693962,-0.0001948315475601703
608,-0.00021288366406224668,-0.0001785859203664586
609,-0.00021258664492052048,-0.00018764185369946063
610,-0.000213778272154741,-0.00020544265862554312
611,-0.00022286495368462056,-0.0002096748648909852
612,-0.0002282661444041878,-0.0002571158984210342
613,-0.00023831520229578018,-0.00019080884521827102
614,-0.00023900711676105857,-0.00018585646466817707
615,-0.00024264036619570106,-0.00018567746155895293
616,-0.00024784551351331174,-0.00015370201435871422
617,-0.0002556400722824037,-0.00023468048311769962
618,-0.0002593497629277408,-0.00017485924763604999
619,-0.0002640194143168628,-0.0001716839033178985
620,-0.000270623539108783,-0.00018261163495481014
621,-0.00027565399068407714,-0.00023807905381545424
622,-0.0002755735768005252,-0.0001627802848815918
623,-0.0002800319925881922,-0.00015947074280120432
624,-0.0002844342670869082,-0.00019444531062617898
625,-0.000287319824565202,-0.0001563961268402636
626,-0.00029522128170356154,-0.00021164986537769437
627,-0.00029865471879020333,-0.00022381063899956644
628,-0.00030514856916852295,-0.00017822370864450932
629,-0.00031138278427533805,-0.00017889312584884465
630,-0.00031451170798391104,-0.00020056671928614378
631,-0.000320313818519935,-0.00018906084005720913
632,-0.00032735077547840774,-0.0001832915295381099
633,-0.00032926702988334,-0.0001704490277916193
634,-0.000333574804244563,-0.00017955785733647645
635,-0.000343772437190637,-0.00021161831682547927
636,-0.0003468591021373868,-0.0001806319341994822
637,-0.00034943464561365545,-0.0001637473760638386
638,-0.0003589272382669151,-0.00020206408225931227
639,-0.00036365119740366936,-0.00017835007747635245
640,-0.0003671665908768773,-0.000219425477553159
641,-0.0003755898796953261,-0.00023398286430165172
642,-0.0003822085855063051,-0.00023239606525748968
643,-0.0003852398949675262,-0.0001510211150161922
644,-0.000388140237191692,-0.00017771776765584946
645,-0.00039963272865861654,-0.00017007635324262083
646,-0.00040162657387554646,-0.0002000252134166658
647,-0.00040581560460850596,-0.0001305211626458913
648,-0.000415218120906502,-0.0002455903450027108
649,-0.00041349008097313344,-0.00017535340157337487
650,-0.0004208169993944466,-0.00013788419892080128
651,-0.0004310605290811509,-0.00025438363081775606
652,-0.0004349085211288184,-0.00022406684001907706
653,-0.0004362325998954475,-0.00012959918240085244
654,-0.00044583415728993714,-0.00022035330766811967
655,-0.000453104090411216,-0.000186062854481861
656,-0.0004550403682515025,-0.0001728988136164844
657,-0.0004603300185408443,-0.0001747261849232018
658,-0.0004647729219868779,-0.00019524162053130567
659,-0.00046873936662450433,-0.0002076402015518397
660,-0.0004778060538228601,-0.00020110173500142992
661,-0.0004808424273505807,-0.000172677100636065
662,-0.00048514464288018644,-0.00015701533993706107
663,-0.0004925463581457734,-0.00024488940834999084
664,-0.0005024286219850183,-0.00020447670249268413
665,-0.0005039461539126933,-0.00017198611749336123
666,-0.0005060128169134259,-0.00018675060709938407
667,-0.0005138618871569633,-0.00015486590564250946
668,-0.0005210292292758822,-0.00020635611144825816
669,-0.0005212578689679503,-0.00011617172276601195
670,-0.000534332066308707,-0.00018791115144267678
671,-0.000537723652087152,-0.0001917353947646916
672,-0.0005429476732388139,-0.0001697004190646112
673,-0.0005504211294464767,-0.0001767320791259408
674,-0.0005538926925510168,-0.00016000971663743258
675,-0.0005594897083938122,-0.0002043970744125545
676,-0.0005699603352695704,-0.00020900781964883208
677,-0.0005712122074328363,-0.00013665278675034642
678,-0.0005768747068941593,-0.00018083711620420218
679,-0.0005853940965607762,-0.00023806182434782386
680,-0.0005917472881264985,-0.00017769017722457647
681,-0.0005945244338363409,-0.00017204292817041278
682,-0.0006025765906088054,-0.0001612161286175251
683,-0.0006063042674213648,-0.00019381335005164146
684,-0.0006118210731074214,-0.0001824311912059784
685,-0.0006154538132250309,-0.00017942232079803944
686,-0.000628867419436574,-0.00022955384338274598
687,-0.0006355980294756591,-0.00022385327611118555
688,-0.000631797534879297,-0.00015049608191475272
689,-0.0006423451704904437,-0.00016204226994886994
690,-0.0006538330344483256,-0.00015936524141579866
691,-0.0006549232639372349,-0.00018332392210140824
692,-0.0006576566374860704,-0.00016881106421351433
693,-0.0006636724574491382,-0.00012471002992242575
694,-0.0006707118009217083,-0.00019586255075410008
695,-0.0006726734573021531,-0.0001935053151100874
696,-0.0006743279518559575,-0.00017681519966572523
697,-0.0006868962082080543,-0.00017634965479373932
698,-0.0006872683297842741,-0.00017247791402041912
699,-0.0006954615819267929,-0.0002107431646436453
700,-0.000706736056599766,-0.00018137646839022636
701,-0.0007129805162549019,-0.00018091226229444146
702,-0.0007132719038054347,-0.00021826301235705614
703,-0.0007251871284097433,-0.00018116243882104754
704,-0.0007287607877515256,-0.00017704826314002275
705,-0.0007355900597758591,-0.00020327948732301593
706,-0.0007372184190899134,-0.00011612859088927507
707,-0.0007468684343621135,-0.00020536105148494244
708,-0.0007492280565202236,-9.156280430033803e-05
709,-0.0007495825993828475,-5.5900716688483953e-05
710,-0.0007598368683829904,-0.000240313820540905
711,-0.000764898955821991,-0.00018413516227155924
712,-0.0007698395056650043,-0.00011566595640033484
713,-0.0007724518654868007,-0.00023162644356489182
714,-0.0007828439702279866,-0.00022965954849496484
715,-0.0007919270428828895,-0.0001449839910492301
716,-0.0007967677665874362,-0.0002173819812014699
717,-0.0007987692952156067,-0.0001701378496363759
718,-0.0008092728676274419,-0.0002049260656349361
719,-0.0008159364224411547,-0.00019497884204611182
720,-0.0008178924326784909,-0.00021289486903697252
721,-0.0008235991699621081,-0.00019596138736233115
722,-0.0008277093875221908,-0.00015189906116575003
723,-0.0008343124645762146,-0.00014584057498723269
724,-0.0008350934949703515,-0.00014411762822419405
725,-0.000846912560518831,-9.987724479287863e-05
726,-0.000839803135022521,-0.00013107905397191644
727,-0.0008488927851431072,-0.00014054140774533153
728,-0.0008532842039130628,-0.00010807724902406335
729,-0.000860433152411133,-0.00022165192058309913
730,-0.0008649170631542802,-6.624450907111168e-05
731,-0.0008676445577293634,-0.0001833306159824133
732,-0.0008787552360445261,-0.00014800782082602382
733,-0.0008730643894523382,-0.00020356621826067567
734,-0.0008902791305445135,-0.00020836805924773216
735,-0.0008928825845941901,-9.934412082657218e-05
736,-0.0009002641309052706,-0.00013566087000072002
737,-0.0009017150732688606,-0.00014470063615590334
738,-0.0009087861399166286,-0.0001301094307564199
739,-0.0009140012552961707,-0.0001892009750008583
740,-0.0009216280886903405,-0.00018505571642890573
741,-0.0009220081847161055,-0.00013823690824210644
742,-0.0009250103030353785,-0.00016095564933493733
743,-0.0009333203197456896,-0.00012363330461084843
744,-0.0009335352806374431,-0.00015212380094453692
745,-0.0009408473852090538,-0.00012236612383276224
746,-0.0009418664849363267,-0.00014062790432944894
747,-0.0009476685081608593,-0.00011544639710336924
748,-0.0009559005848132074,-0.00017266313079744577
749,-0.0009541107574477792,-0.00014017196372151375
750,-0.0009677476482465863,-0.00015517836436629295
751,-0.0009695232147350907,-0.0001259718555957079
752,-0.0009718398214317858,-0.00012058793799951673
753,-0.0009784623980522156,-8.981412975117564e-05
754,-0.0009881914593279362,-0.0002593493554741144
755,-0.0009918753057718277,-0.0001400213222950697
756,-0.0009927094215527177,-0.00014236837159842253
757,-0.0010040971683338284,-0.0001125711714848876
758,-0.001009127008728683,-0.00014601473230868578
759,-0.0010105923283845186,-0.00011742440983653069
760,-0.0010146043496206403,-0.00011455966159701347
761,-0.0010245507583022118,-0.00013069575652480125
762,-0.0010335651459172368,-0.00021874788217246532
763,-0.0010331624653190374,-0.00019452266860753298
764,-0.0010389926610514522,-0.00014742778148502111
765,-0.0010485766688361764,-8.437875658273697e-05
766,-0.0010474706068634987,-7.453141734004021e-05
767,-0.0010574921034276485,-0.0001312426757067442
768,-0.0010573570616543293,-5.6426855735480785e-05
769,-0.0010629049502313137,-0.0001417640596628189
770,-0.0010733628878369927,-0.0002195119159296155
771,-0.0010839408496394753,-0.00014383357483893633
772,-0.0010904402006417513,-0.00013923353981226683
773,-0.0010911489371210337,-9.355635847896338e-05
774,-0.0010917388135567307,-0.00010096572805196047
775,-0.0011013966286554933,-0.00013057829346507788
776,-0.0011053725611418486,-0.00012681668158620596
777,-0.001111185527406633,-0.0001301789889112115
778,-0.001117929583415389,-0.0001464734086766839
779,-0.0011209644144400954,-9.031069930642843e-05
780,-0.001123566646128893,-8.311273995786905e-05
781,-0.0011355006136000156,-0.0001572129549458623
782,-0.0011405780678614974,-0.00011691567488014698
783,-0.0011381469666957855,-0.00013526563998311758
784,-0.0011506631271913648,-0.00011988065671175718
785,-0.0011530310148373246,-0.0001292601227760315
786,-0.0011568573536351323,-9.984220378100872e-05
787,-0.0011626951163634658,-0.00010649464093148708
788,-0.0011631121160462499,-8.453661575913429e-05
789,-0.00117450428660959,-0.00012846942991018295
790,-0.0011794734746217728,-8.636643178761005e-05
791,-0.0011752564460039139,-5.6389253586530685e-05
792,-0.001189711969345808,-0.00013660232070833445
793,-0.0011888756416738033,-9.647628758102655e-05
794,-0.0012076327111572027,-0.0001519002253189683
795,-0.001208525849506259,-9.858934208750725e-05
796,-0.0012168954126536846,-0.00013137771748006344
797,-0.001218593679368496,-7.88392499089241e-05
798,-0.001216751174069941,-0.00011966691818088293
799,-0.0012220187345519662,-0.00011593278031796217
800,-0.0012281584786251187,-9.816454257816076e-05
801,-0.001232184236869216,-0.0001198949757963419
802,-0.0012352234916761518,-4.461000207811594e-05
803,-0.001246998435817659,-0.00014334323350340128
804,-0.001249063527211547,-0.00011378282215446234
805,-0.0012561355251818895,-6.401608698070049e-05
806,-0.0012633888982236385,-0.00010313233360648155
807,-0.0012720413506031036,-0.00010281731374561787
808,-0.001271875691600144,-6.223772652447224e-05
809,-0.0012765892315655947,-0.00012182677164673805
810,-0.001267099054530263,-6.276753265410662e-05
811,-0.0012855633394792676,-0.00010062765795737505
812,-0.001288140076212585,-1.5618978068232536e-05
813,-0.0012920083245262504,-9.975268039852381e-05
814,-0.0012886951444670558,5.9942249208688736e-05
815,-0.0012908134376630187,-8.421577513217926e-05
816,-0.00130563008133322,-9.495636913925409e-05
817,-0.001310304505750537,-8.081819396466017e-05
818,-0.0013156288769096136,-9.177182801067829e-05
819,-0.0013176643988117576,-0.0001268989872187376
820,-0.0013261559652164578,-0.00011891277972608805
821,-0.0013233334757387638,-7.512385491281748e-05
822,-0.0013428969541564584,-7.171928882598877e-05
823,-0.001338648609817028,-2.9878690838813782e-05
824,-0.001340447342954576,9.336508810520172e-08
825,-0.0013403950724750757,-6.715639028698206e-05
826,-0.001347722951322794,-7.658626418560743e-05
827,-0.001353193656541407,-0.00013254827354103327
828,-0.0013538391795009375,-8.708762470632792e-05
829,-0.0013617281801998615,-3.0584982596337795e-05
830,-0.0013668411411345005,-4.749197978526354e-05
831,-0.001369885285384953,-9.10263042896986e-06
832,-0.001372580649331212,-6.718130316585302e-05
833,-0.0013617398217320442,3.3706193789839745e-05
834,-0.0013757299166172743,-5.130027420818806e-05
835,-0.0013752129161730409,-2.3076427169144154e-05
836,-0.0013792701065540314,-7.977825589478016e-05
837,-0.001390504534356296,-3.1119328923523426e-05
838,-0.001391192665323615,-0.00010042544454336166
839,-0.0013903590152040124,-4.6555884182453156e-05
840,-0.0013946633553132415,-6.354297511279583e-06
841,-0.0013972120359539986,-2.2246968001127243e-05
842,-0.001400504494085908,-1.925765536725521e-05
843,-0.0014083778951317072,-3.289803862571716e-05
844,-0.0013981438241899014,1.278705894947052e-05
845,-0.0014059707755222917,-1.1102994903922081e-05
846,-0.0013872557319700718,0.00011200155131518841
847,-0.0013891903217881918,-7.56559893488884e-06
848,-0.001405355054885149,-9.379175025969744e-05
849,-0.0014073114143684506,-2.939952537417412e-06
850,-0.0014141917927190661,-3.539805766195059e-05
851,-0.001422240282408893,-3.654533065855503e-05
852,-0.0014226778876036406,-4.606321454048157e-06
853,-0.0014233250403776765,-3.984197974205017e-06
854,-0.0014339550398290157,-8.722709026187658e-05
855,-0.0014349354896694422,-6.516987923532724e-05
856,-0.0014362898655235767,-4.823110066354275e-05
857,-0.0014367039548233151,-1.0708696208894253e-05
858,-0.001447567017748952,-2.8763897716999054e-05
859,-0.0014335724990814924,6.0010235756635666e-05
860,-0.0014229126973077655,4.864728543907404e-05
861,-0.0014110786141827703,7.342465687543154e-05
862,-0.0014162063598632812,-2.4318811483681202e-05
863,-0.0013961736112833023,4.97475266456604e-05
864,-0.0014057240914553404,-5.54393045604229e-06
865,-0.0014063224662095308,1.9022729247808456e-05
866,-0.0014001745730638504,2.0265229977667332e-05
867,-0.0013944933889433742,3.799202386289835e-05
868,-0.0013939077034592628,-1.288426574319601e-05
869,-0.0013819432351738214,7.334339898079634e-05
870,-0.0013883268693462014,1.3865064829587936e-06
871,-0.0013761506415903568,2.76896171271801e-05
872,-0.0013685909798368812,6.279489025473595e-05
873,-0.001373546663671732,-2.9082410037517548e-05
874,-0.001360262860544026,7.461104542016983e-05
875,-0.001348773017525673,5.919055547565222e-05
876,-0.0013285893946886063,5.847308784723282e-05
877,-0.0013235763181000948,6.237323395907879e-05
878,-0.0013153895270079374,5.7110097259283066e-05
879,-0.0013068176340311766,3.769691102206707e-05
880,-0.0012892938684672117,5.487329326570034e-05
881,-0.0012857111869379878,-6.579793989658356e-07
882,-0.0012905965559184551,1.0971096344292164e-05
883,-0.001280926982872188,5.946611054241657e-05
884,-0.001280657364986837,1.3023964129388332e-05
885,-0.001264687511138618,8.924480061978102e-05
886,-0.0012440674472600222,6.46570697426796e-05
887,-0.0012414692901074886,3.6695972084999084e-05
888,-0.0012365976581349969,2.2477819584310055e-05
889,-0.0012336533982306719,1.3380544260144234e-05
890,-0.0012317217187955976,4.696054384112358e-05
891,-0.001212245668284595,6.280932575464249e-05
892,-0.0011946591548621655,5.898158997297287e-05
893,-0.001184528460726142,8.21694266051054e-05
894,-0.0011678688460960984,8.906272705644369e-05
895,-0.001149156247265637,3.8413796573877335e-05
896,-0.001131359371356666,0.00013280624989420176
897,-0.0011057871161028743,0.0001249583438038826
898,-0.0010947155533358455,5.6466320529580116e-05
899,-0.0010847351513803005,6.894010584801435e-05
900,-0.0010619793320074677,8.22969013825059e-05
901,-0.0010471342829987407,8.34375387057662e-05
902,-0.0010272078216075897,0.0001120010856539011
903,-0.0010239763651043177,1.4812336303293705e-05
904,-0.0010237616952508688,2.404814586043358e-05
905,-0.0010169404558837414,4.0130456909537315e-05
906,-0.000998658942990005,8.766376413404942e-05
907,-0.000978347728960216,7.070379797369242e-05
908,-0.0009695673361420631,5.7530240155756474e-05
909,-0.0009548027301207185,8.211802924051881e-05
910,-0.0009514144621789455,1.5664671082049608e-05
911,-0.0009480752632953227,4.441110650077462e-05
912,-0.0009294032352045178,7.588294101879e-05
913,-0.0009114869753830135,7.480534259229898e-05
914,-0.0009088197839446366,4.545476986095309e-05
915,-0.0008992492803372443,6.220710929483175e-05
916,-0.0008831616141833365,5.619548028334975e-05
917,-0.000871417811140418,6.845465395599604e-05
918,-0.0008561899303458631,7.382285548374057e-05
919,-0.0008430372108705342,8.544779848307371e-05
920,-0.0008318306063301861,6.98099029250443e-05
921,-0.0008185572223737836,6.194983143359423e-05
922,-0.0008006544667296112,6.707233842462301e-05
923,-0.0007949316641315818,5.915353540331125e-05
924,-0.0007760848384350538,0.0001282660523429513
925,-0.0007700761198066175,2.3493485059589148e-05
926,-0.0007634139037691057,6.091635441407561e-05
927,-0.0007505423855036497,6.422970909625292e-05
928,-0.0007373554981313646,7.916014874354005e-05
929,-0.0007186649600043893,9.725562995299697e-05
930,-0.0007051693391986191,7.438031025230885e-05
931,-0.000699987867847085,1.8886174075305462e-05
932,-0.0006832158542238176,6.63422979414463e-05
933,-0.0006827994366176426,5.185796180739999e-05
934,-0.0006642129737883806,9.021739242598414e-05
935,-0.0006503040785901248,7.78913963586092e-05
936,-0.00063735042931512,4.81103197671473e-05
937,-0.00062695232918486,8.543155854567885e-05
938,-0.0006173270521685481,6.17552432231605e-05
939,-0.0006096235592849553,2.572603989392519e-05
940,-0.0005979472189210355,6.870005745440722e-05
941,-0.0005912414053454995,5.9000798501074314e-05
942,-0.0005752583965659142,7.876910967752337e-05
943,-0.0005733621073886752,4.823767812922597e-05
944,-0.0005629740189760923,5.559157580137253e-05
945,-0.0005512371426448226,5.546340253204107e-05
946,-0.0005332774599082768,7.015129085630178e-05
947,-0.0005317477625794709,5.6166056310757995e-05
948,-0.0005203273613005877,6.50314032100141e-05
949,-0.0005057274829596281,7.239304250106215e-05
950,-0.0005016479990445077,3.4253112971782684e-05
951,-0.0004938755300827324,6.326177390292287e-05
952,-0.00048336360487155616,5.161570152267814e-05
953,-0.000476377725135535,3.471516538411379e-05
954,-0.0004704175516963005,4.486663965508342e-05
955,-0.000464565702714026,4.4917804189026356e-05
956,-0.00045359140494838357,6.392292561940849e-05
957,-0.00044435219024308026,5.54756261408329e-05
958,-0.0004343559266999364,7.17671646270901e-05
959,-0.00043113913852721453,2.7902337023988366e-05
960,-0.0004234554653521627,4.396299482323229e-05
961,-0.0004129591106902808,5.736562889069319e-05
962,-0.00040076609002426267,6.833986844867468e-05
963,-0.0003948829835280776,4.921149229630828e-05
964,-0.0003906517813447863,3.3919583074748516e-05
965,-0.00038522889371961355,3.505198401398957e-05
966,-0.0003706943825818598,7.392492261715233e-05
967,-0.0003652432351373136,4.440167685970664e-05
968,-0.0003575666050892323,5.554567906074226e-05
969,-0.00034591415897011757,6.0293852584436536e-05
970,-0.00033934044768102467,4.7811801778152585e-05
971,-0.0003342277486808598,4.385825013741851e-05
972,-0.0003276210627518594,4.454486770555377e-05
973,-0.0003196752804797143,3.729067975655198e-05
974,-0.0003160092746838927,3.4334632800891995e-05
975,-0.0003098034067079425,4.9380294512957335e-05
976,-0.00030512353987433016,4.628539318218827e-05
977,-0.0002964904997497797,4.450709093362093e-05
978,-0.0002907129528466612,3.6283774534240365e-05
979,-0.00028427940560504794,3.917139838449657e-05
980,-0.0002816499618347734,2.3564964067190886e-05
981,-0.00027519973809830844,3.674509935081005e-05
982,-0.0002691317058634013,3.373049548827112e-05
983,-0.00026687842910178006,2.571134245954454e-05
984,-0.0002633113763295114,3.0600567697547376e-05
985,-0.00025707297027111053,3.576673043426126e-05
986,-0.0002516089880373329,4.064710810780525e-05
987,-0.0002493069041520357,2.8612965252250433e-05
988,-0.00024389501777477562,3.1453470000997186e-05
989,-0.00023867942218203098,4.002856439910829e-05
990,-0.00023280891764443368,4.7030363930389285e-05
991,-0.00022726292081642896,3.205200482625514e-05
992,-0.0002244600182166323,3.307778388261795e-05
993,-0.0002173407410737127,4.229623300489038e-05
994,-0.00021286369883455336,3.6844605347141623e-05
995,-0.00020873465109616518,4.273404192645103e-05
996,-0.00020197345293127,3.0347349820658565e-05
997,-0.00019763146701734513,3.04445275105536e-05
998,-0.00019388743385206908,3.354782529640943e-05
999,-0.00018942495808005333,3.391494101379067e-05
1000,-0.00018601457122713327,1.9487793906591833e-05
